id,location,rural_urban,school_category,school_management,girls_0,boys_0,girls_1,boys_1,girls_2,boys_2,girls_3,boys_3,girls_4,boys_4,girls_5,boys_5,girls_6,boys_6,girls_7,boys_7,girls_8,boys_8,girls_9,boys_9,girls_10,boys_10,girls_11,boys_11,girls_12,boys_12
1,All India,Rural,HSS (I-XII),Central Tibetan School,27,21,12,14,27,20,21,26,16,30,21,33,29,35,28,39,43,47,109,132,77,101,45,68,48,79
2,All India,Urban,HSS (I-XII),Central Tibetan School,2,6,17,15,14,30,12,26,7,28,25,15,46,70,61,89,63,88,108,121,83,107,99,94,109,105
3,All India,Urban,HSS (IX-XII),Central Tibetan School,0,0,0,0,0,0,0,0,0,0,0,0,0,0,0,0,0,0,30,42,34,38,34,43,39,35
4,All India,Rural,HSS (VI-XII),Central Tibetan School,0,0,0,0,0,0,0,0,0,0,0,0,10,14,8,18,2,4,10,13,7,7,0,0,0,0
5,All India,Urban,HSS (VI-XII),Central Tibetan School,0,0,0,0,0,0,0,0,0,0,0,0,0,2,0,3,0,6,2,1,2,6,0,0,0,0
6,All India,Rural,PS (I-V),Central Tibetan School,5,7,14,24,4,10,2,16,9,12,7,5,0,0,0,0,0,0,0,0,0,0,0,0,0,0
7,All India,Rural,SS (I-X),Central Tibetan School,0,0,23,24,33,18,19,24,24,28,29,34,21,31,24,27,24,25,26,37,36,30,0,0,0,0
8,All India,Urban,SS (I-X),Central Tibetan School,0,0,4,4,2,2,10,12,9,26,8,14,7,10,4,12,5,11,4,12,4,8,0,0,0,0
9,All India,Rural,UPS (I-VIII),Central Tibetan School,12,13,4,8,5,7,6,7,4,4,5,4,5,6,3,4,2,3,0,0,0,0,0,0,0,0
10,All India,Rural,HSS (I-XII),Department of Education,12659,13620,160184,166366,167344,171790,187705,188236,191476,193644,194363,201123,307959,322646,323753,336937,318126,334943,468871,480970,441835,450962,434815,451682,336396,323387
11,All India,Urban,HSS (I-XII),Department of Education,23913,22093,41842,36979,39830,36001,45260,40133,47239,41434,53316,45949,117257,82565,118993,84561,126445,87691,171592,121046,154684,108004,221421,179607,165702,129442
12,All India,Rural,HSS (IX-XII),Department of Education,0,0,0,0,0,0,0,0,0,0,0,0,0,0,0,0,26065,29472,684305,681289,667509,661985,533413,518777,464759,425903
13,All India,Urban,HSS (IX-XII),Department of Education,0,0,0,0,0,0,0,0,0,0,0,0,0,0,0,0,10736,10630,172710,169941,169691,166249,223841,216467,188483,176865
14,All India,Rural,HSS (VI-XII),Department of Education,31,43,0,0,0,0,0,0,0,0,301328,320432,642635,663805,639360,658401,661117,676098,895763,899130,794592,775956,939430,825985,750115,658343
15,All India,Urban,HSS (VI-XII),Department of Education,40,51,0,0,0,0,0,0,0,0,79034,76263,247936,238712,253583,243772,269568,257286,354538,333549,322584,288254,449788,391836,374962,312166
16,All India,Rural,HSS (XI-XII),Department of Education,0,0,0,0,0,0,0,0,0,0,0,0,0,0,0,0,0,0,0,0,0,0,99583,119205,79801,96815
17,All India,Urban,HSS (XI-XII),Department of Education,0,0,0,0,0,0,0,0,0,0,0,0,0,0,0,0,0,0,0,0,0,0,157596,150343,131855,123147
18,All India,Rural,PS (I-V),Department of Education,905462,934806,3172902,3289274,3238985,3339558,3416263,3443604,3328234,3357087,2739806,2725046,0,0,0,0,0,0,0,0,0,0,0,0,0,0
19,All India,Urban,PS (I-V),Department of Education,122562,121006,293598,296679,289287,288401,325258,322629,324134,318963,249907,246484,0,0,0,0,0,0,0,0,0,0,0,0,0,0
20,All India,Rural,SS (I-X),Department of Education,14284,14264,149859,153368,161110,163481,176257,175687,177243,176941,180887,184605,315796,311253,316247,306046,323868,315828,424819,403834,380620,356014,0,0,0,0
21,All India,Urban,SS (I-X),Department of Education,5342,5337,18050,17943,16841,15895,20457,19692,21395,20862,27883,26074,37919,35960,39273,36988,42333,39986,51611,47601,45685,42521,0,0,0,0
22,All India,Rural,SS (IX-X),Department of Education,0,0,0,0,0,0,0,0,0,0,0,0,0,0,0,0,62994,66800,356470,341346,322491,304857,0,0,0,0
23,All India,Urban,SS (IX-X),Department of Education,0,0,0,0,0,0,0,0,0,0,0,0,0,0,0,0,17426,13631,59116,39362,55802,35892,0,0,0,0
24,All India,Rural,SS (VI-X),Department of Education,0,0,0,0,0,0,0,0,0,0,56373,43101,277885,243149,276394,240511,285876,247086,357080,306013,319901,271241,0,0,0,0
25,All India,Urban,SS (VI-X),Department of Education,0,0,0,0,0,0,0,0,0,0,8091,6020,65149,61044,65923,60993,71230,66005,82815,73061,75550,64651,0,0,0,0
26,All India,Rural,UPS (I-VIII),Department of Education,115175,116243,1419848,1469314,1538241,1577316,1666705,1671519,1651567,1657734,1569601,1585008,2184982,2149803,2136692,2061392,1902638,1802933,0,0,0,0,0,0,0,0
27,All India,Urban,UPS (I-VIII),Department of Education,21288,21800,139951,137166,126249,121046,151378,144571,153931,146756,156992,150236,204841,190654,204056,184147,168806,148497,0,0,0,0,0,0,0,0
28,All India,Rural,UPS (VI-VIII),Department of Education,0,0,0,0,0,0,0,0,0,0,65655,67473,918218,882778,844253,801159,819168,760884,0,0,0,0,0,0,0,0
29,All India,Urban,UPS (VI-VIII),Department of Education,0,0,0,0,0,0,0,0,0,0,2547,2660,62532,52993,60010,50206,61423,50029,0,0,0,0,0,0,0,0
30,All India,Rural,HSS (I-XII),Government Aided,1856,1793,8295,8331,8106,8340,9552,9503,10485,10419,89455,105168,106738,126517,111504,133505,146877,169798,171271,196125,168432,198330,177736,209588,180583,213375
31,All India,Urban,HSS (I-XII),Government Aided,4201,3690,23167,15563,22112,15008,28522,18214,30503,19924,106663,102190,128439,119038,136005,129766,170936,162008,196770,181846,193031,180733,238424,204814,233057,195942
32,All India,Rural,HSS (IX-XII),Government Aided,0,0,0,0,0,0,0,0,0,0,0,0,0,0,0,0,33418,36017,165298,196686,154650,186908,141332,165009,110682,116891
33,All India,Urban,HSS (IX-XII),Government Aided,0,0,0,0,0,0,0,0,0,0,0,0,0,0,0,0,9926,10546,102483,107250,98680,104084,96075,98092,76671,73962
34,All India,Rural,HSS (VI-XII),Government Aided,0,0,0,0,0,0,0,0,0,0,17910,20494,126387,150244,120525,145073,169437,210122,302146,386108,262010,326427,288806,357552,262286,304169
35,All India,Urban,HSS (VI-XII),Government Aided,0,0,0,0,0,0,0,0,0,0,12250,10902,100031,109804,101809,111077,132986,154330,191226,259927,176548,229378,206251,295662,192560,252366
36,All India,Rural,HSS (XI-XII),Government Aided,0,0,0,0,0,0,0,0,0,0,0,0,0,0,0,0,0,0,0,0,0,0,130891,143278,119562,129089
37,All India,Urban,HSS (XI-XII),Government Aided,0,0,0,0,0,0,0,0,0,0,0,0,0,0,0,0,0,0,0,0,0,0,239662,243573,229119,231623
38,All India,Rural,PS (I-V),Government Aided,75871,78535,105014,111203,102306,106781,104385,110436,106347,111690,49667,51120,0,0,0,0,0,0,0,0,0,0,0,0,0,0
39,All India,Urban,PS (I-V),Government Aided,43458,42861,126180,123475,122959,120302,131339,128806,138517,136490,50701,47416,0,0,0,0,0,0,0,0,0,0,0,0,0,0
40,All India,Rural,SS (I-X),Government Aided,4043,4306,7579,7990,7529,7736,8399,8758,9185,9097,88573,96453,101334,110733,104286,115354,131881,140007,137705,147095,134496,146471,0,0,0,0
41,All India,Urban,SS (I-X),Government Aided,3621,3141,7513,6735,7115,6476,8253,7515,8557,7774,78784,75339,86306,83715,93313,91847,112719,111389,120255,117464,122266,119951,0,0,0,0
42,All India,Rural,SS (IX-X),Government Aided,0,0,0,0,0,0,0,0,0,0,0,0,0,0,0,0,49995,57822,168756,176556,160213,169198,0,0,0,0
43,All India,Urban,SS (IX-X),Government Aided,0,0,0,0,0,0,0,0,0,0,0,0,0,0,0,0,41385,36930,70173,65332,69557,64355,0,0,0,0
44,All India,Rural,SS (VI-X),Government Aided,0,0,0,0,0,0,0,0,0,0,9569,7976,35025,35528,38142,37176,121344,124812,156261,161788,153535,161261,0,0,0,0
45,All India,Urban,SS (VI-X),Government Aided,0,0,0,0,0,0,0,0,0,0,5424,3407,29283,23504,32524,25249,64953,57972,72436,63930,72777,64056,0,0,0,0
46,All India,Rural,UPS (I-VIII),Government Aided,33867,34899,83653,89477,82646,86849,87052,93181,92143,99342,104257,113909,107110,118339,100877,114929,26661,27764,0,0,0,0,0,0,0,0
47,All India,Urban,UPS (I-VIII),Government Aided,27862,27593,114493,118122,104516,104279,114625,115591,119741,121503,118563,123513,124314,130768,122428,128442,31620,31921,0,0,0,0,0,0,0,0
48,All India,Rural,UPS (VI-VIII),Government Aided,0,0,0,0,0,0,0,0,0,0,15696,17466,148137,146958,141915,139788,120028,113436,0,0,0,0,0,0,0,0
49,All India,Urban,UPS (VI-VIII),Government Aided,0,0,0,0,0,0,0,0,0,0,2152,2383,19215,19436,18679,18931,17263,17496,0,0,0,0,0,0,0,0
50,All India,Rural,HSS (I-XII),Jawahar Navodaya Vidyalaya,0,0,0,0,0,0,0,0,0,0,0,0,124,191,91,138,89,127,106,130,96,140,90,109,84,104
51,All India,Rural,HSS (IX-XII),Jawahar Navodaya Vidyalaya,0,0,0,0,0,0,0,0,0,0,0,0,0,0,0,0,40,38,110,132,108,137,113,118,85,104
52,All India,Rural,HSS (VI-XII),Jawahar Navodaya Vidyalaya,0,0,0,0,0,0,0,0,0,0,0,0,13489,18442,13916,20171,13142,20134,15005,20041,14273,19739,11969,16321,10924,16240
53,All India,Urban,HSS (VI-XII),Jawahar Navodaya Vidyalaya,0,0,0,0,0,0,0,0,0,0,0,0,2588,3518,2620,3944,2512,4031,2914,3912,2814,3998,2450,3351,2207,3311
54,All India,Urban,SS (I-X),Jawahar Navodaya Vidyalaya,0,0,0,0,0,0,0,0,0,0,0,0,14,22,19,20,14,26,17,21,17,22,0,0,0,0
55,All India,Rural,SS (VI-X),Jawahar Navodaya Vidyalaya,0,0,0,0,0,0,0,0,0,0,0,0,988,1219,885,1285,859,1299,996,1182,921,1284,0,0,0,0
56,All India,Urban,SS (VI-X),Jawahar Navodaya Vidyalaya,0,0,0,0,0,0,0,0,0,0,0,0,314,444,310,461,304,456,340,411,355,512,0,0,0,0
57,All India,Rural,UPS (I-VIII),Jawahar Navodaya Vidyalaya,0,0,0,0,0,0,0,0,0,0,0,0,17,23,13,27,12,26,0,0,0,0,0,0,0,0
58,All India,Rural,UPS (VI-VIII),Jawahar Navodaya Vidyalaya,0,0,0,0,0,0,0,0,0,0,0,0,134,178,106,175,108,171,0,0,0,0,0,0,0,0
59,All India,Urban,UPS (VI-VIII),Jawahar Navodaya Vidyalaya,0,0,0,0,0,0,0,0,0,0,0,0,52,67,58,103,51,103,0,0,0,0,0,0,0,0
60,All India,Rural,HSS (I-XII),Kendriya Vidyalaya / Central School,35,46,13272,14896,13747,15847,13652,15561,13417,16030,13488,16275,13504,16320,13232,16026,13028,16023,12733,15637,11893,15058,11425,13736,10494,11934
61,All India,Urban,HSS (I-XII),Kendriya Vidyalaya / Central School,10,15,34457,38620,36134,40912,35659,41082,35715,41886,36378,42579,36318,43133,35839,43492,35456,43574,34836,43443,34281,41958,31705,38488,30172,34554
62,All India,Rural,HSS (VI-XII),Kendriya Vidyalaya / Central School,0,0,0,0,0,0,0,0,0,0,0,0,15,26,11,30,19,21,17,27,13,24,8,10,9,3
63,All India,Rural,PS (I-V),Kendriya Vidyalaya / Central School,0,0,146,180,146,180,129,172,139,154,113,161,0,0,0,0,0,0,0,0,0,0,0,0,0,0
64,All India,Urban,PS (I-V),Kendriya Vidyalaya / Central School,0,0,107,105,91,116,93,108,83,112,105,102,0,0,0,0,0,0,0,0,0,0,0,0,0,0
65,All India,Rural,SS (I-X),Kendriya Vidyalaya / Central School,0,0,2000,2344,2061,2436,2093,2308,2078,2436,2066,2416,1959,2320,1952,2365,1918,2221,1757,2146,1443,1775,0,0,0,0
66,All India,Urban,SS (I-X),Kendriya Vidyalaya / Central School,0,0,2826,3206,3100,3327,3094,3689,3149,3637,3093,3638,2923,3749,3000,3490,2953,3500,2884,3337,2540,2949,0,0,0,0
67,All India,Rural,SS (VI-X),Kendriya Vidyalaya / Central School,0,0,0,0,0,0,0,0,0,0,0,0,34,39,47,47,32,23,28,35,21,25,0,0,0,0
68,All India,Rural,UPS (I-VIII),Kendriya Vidyalaya / Central School,0,0,622,753,608,800,598,789,582,809,573,787,581,747,419,635,307,414,0,0,0,0,0,0,0,0
69,All India,Urban,UPS (I-VIII),Kendriya Vidyalaya / Central School,0,0,518,609,567,564,504,614,493,606,493,607,447,574,366,550,190,242,0,0,0,0,0,0,0,0
70,All India,Rural,HSS (I-XII),Local body,232,290,380,528,393,599,434,682,455,648,1509,1869,2049,2389,1998,2465,2528,3001,3292,3897,3350,3856,3223,3444,3416,3699
71,All India,Urban,HSS (I-XII),Local body,1140,956,1566,1714,1550,1787,1677,1907,1710,2000,3285,4003,4462,4851,4480,5134,5446,6260,6919,6991,6916,7140,9391,7092,8945,7057
72,All India,Rural,HSS (IX-XII),Local body,0,0,0,0,0,0,0,0,0,0,0,0,0,0,0,0,0,0,1451,1804,1296,1698,1488,1819,920,878
73,All India,Urban,HSS (IX-XII),Local body,0,0,0,0,0,0,0,0,0,0,0,0,0,0,0,0,249,215,2581,2099,2141,1772,2644,2447,1718,1501
74,All India,Rural,HSS (VI-XII),Local body,0,0,0,0,0,0,0,0,0,0,0,0,430,341,419,302,535,421,709,529,585,458,773,599,687,583
75,All India,Urban,HSS (VI-XII),Local body,0,0,0,0,0,0,0,0,0,0,0,0,6887,5486,6888,5444,8256,6222,11723,9654,10835,8340,14058,12754,13183,10105
76,All India,Urban,HSS (XI-XII),Local body,0,0,0,0,0,0,0,0,0,0,0,0,0,0,0,0,0,0,0,0,0,0,2660,685,1824,420
77,All India,Rural,PS (I-V),Local body,12299,12903,627025,660593,601427,619579,637251,641539,633122,635651,437400,440604,0,0,0,0,0,0,0,0,0,0,0,0,0,0
78,All India,Urban,PS (I-V),Local body,65129,60685,138837,140012,146799,146634,168875,169034,177598,179599,164312,170749,0,0,0,0,0,0,0,0,0,0,0,0,0,0
79,All India,Rural,SS (I-X),Local body,158,142,3637,4465,3309,3731,7305,7873,7436,7792,11387,12941,18349,21452,18878,22081,20037,22559,21356,23480,20669,22888,0,0,0,0
80,All India,Urban,SS (I-X),Local body,4057,4363,3830,4183,3655,3903,4743,4882,4675,4817,6600,7028,8537,8906,8625,9147,10243,10590,12463,12905,11550,11908,0,0,0,0
81,All India,Rural,SS (IX-X),Local body,0,0,0,0,0,0,0,0,0,0,0,0,0,0,0,0,0,0,1534,1530,1285,1312,0,0,0,0
82,All India,Urban,SS (IX-X),Local body,0,0,0,0,0,0,0,0,0,0,0,0,0,0,0,0,662,473,11280,10880,10192,10141,0,0,0,0
83,All India,Rural,SS (VI-X),Local body,0,0,0,0,0,0,0,0,0,0,0,0,157018,179861,156948,178378,164880,191987,172109,197072,170711,191670,0,0,0,0
84,All India,Urban,SS (VI-X),Local body,0,0,0,0,0,0,0,0,0,0,118,99,48283,46223,48666,46266,57534,54955,60274,55222,56823,50518,0,0,0,0
85,All India,Rural,UPS (I-VIII),Local body,4409,4822,442012,461888,404022,415657,422393,432199,438984,448166,440423,455121,481389,496697,460298,468688,291998,296884,0,0,0,0,0,0,0,0
86,All India,Urban,UPS (I-VIII),Local body,37038,37058,105775,104262,94137,91575,105073,101342,108353,104687,111598,107784,114878,111928,112202,107856,84024,80946,0,0,0,0,0,0,0,0
87,All India,Rural,UPS (VI-VIII),Local body,0,0,0,0,0,0,0,0,0,0,635,668,1557,1602,1507,1610,1462,1518,0,0,0,0,0,0,0,0
88,All India,Urban,UPS (VI-VIII),Local body,0,0,0,0,0,0,0,0,0,0,91,88,4067,3706,3847,3639,4009,3544,0,0,0,0,0,0,0,0
89,All India,Rural,HSS (I-XII),Madarsa recognized (by Wakf board/Madarsa Board),60,67,8868,8065,7855,7274,8499,7792,8045,7135,7709,6900,7849,6562,7514,6283,9763,7291,10584,8238,11233,9042,9085,7145,8563,6514
90,All India,Urban,HSS (I-XII),Madarsa recognized (by Wakf board/Madarsa Board),538,503,5656,6763,4621,5115,4885,5624,4741,5221,4702,4993,4328,4563,4037,4283,4612,4494,4067,4512,4244,4664,3696,3683,3379,3334
91,All India,Rural,HSS (IX-XII),Madarsa recognized (by Wakf board/Madarsa Board),0,0,0,0,0,0,0,0,0,0,0,0,0,0,0,0,0,0,364,402,450,524,297,474,357,488
92,All India,Urban,HSS (IX-XII),Madarsa recognized (by Wakf board/Madarsa Board),0,0,0,0,0,0,0,0,0,0,0,0,0,0,0,0,0,0,366,369,297,260,370,373,258,361
93,All India,Rural,HSS (VI-XII),Madarsa recognized (by Wakf board/Madarsa Board),0,0,0,0,0,0,0,0,0,0,0,0,462,465,450,433,430,454,605,614,547,625,420,448,391,425
94,All India,Urban,HSS (VI-XII),Madarsa recognized (by Wakf board/Madarsa Board),0,0,0,0,0,0,0,0,0,0,0,0,90,125,83,109,70,97,146,127,122,160,110,96,102,115
95,All India,Rural,HSS (XI-XII),Madarsa recognized (by Wakf board/Madarsa Board),0,0,0,0,0,0,0,0,0,0,0,0,0,0,0,0,0,0,0,0,0,0,57,65,74,53
96,All India,Urban,HSS (XI-XII),Madarsa recognized (by Wakf board/Madarsa Board),0,0,0,0,0,0,0,0,0,0,0,0,0,0,0,0,0,0,0,0,0,0,300,168,191,121
97,All India,Rural,PS (I-V),Madarsa recognized (by Wakf board/Madarsa Board),781,866,82261,90305,68184,73749,66273,71271,61856,66379,56844,59927,0,0,0,0,0,0,0,0,0,0,0,0,0,0
98,All India,Urban,PS (I-V),Madarsa recognized (by Wakf board/Madarsa Board),927,1102,29623,32906,23902,26709,25083,27754,23293,25678,20131,21805,0,0,0,0,0,0,0,0,0,0,0,0,0,0
99,All India,Rural,SS (I-X),Madarsa recognized (by Wakf board/Madarsa Board),436,480,15461,14577,13482,12977,13974,13271,13535,12187,13215,12115,15847,13517,15483,13119,15839,13123,13502,12941,13202,12996,0,0,0,0
100,All India,Urban,SS (I-X),Madarsa recognized (by Wakf board/Madarsa Board),430,407,5978,5651,4855,4603,5258,4751,4887,4385,4872,4453,5280,4607,5182,4460,4947,4425,3943,3969,3929,3999,0,0,0,0
101,All India,Rural,SS (IX-X),Madarsa recognized (by Wakf board/Madarsa Board),0,0,0,0,0,0,0,0,0,0,0,0,0,0,0,0,0,0,327,398,346,364,0,0,0,0
102,All India,Urban,SS (IX-X),Madarsa recognized (by Wakf board/Madarsa Board),0,0,0,0,0,0,0,0,0,0,0,0,0,0,0,0,0,0,881,469,774,404,0,0,0,0
103,All India,Rural,SS (VI-X),Madarsa recognized (by Wakf board/Madarsa Board),0,0,0,0,0,0,0,0,0,0,0,0,430,371,471,378,504,359,650,482,558,420,0,0,0,0
104,All India,Urban,SS (VI-X),Madarsa recognized (by Wakf board/Madarsa Board),0,0,0,0,0,0,0,0,0,0,0,0,172,199,191,191,300,307,319,277,292,329,0,0,0,0
105,All India,Rural,UPS (I-VIII),Madarsa recognized (by Wakf board/Madarsa Board),1663,1620,49064,50026,45020,44985,47429,46369,45622,43989,43245,41356,45365,41599,42995,38831,43793,37385,0,0,0,0,0,0,0,0
106,All India,Urban,UPS (I-VIII),Madarsa recognized (by Wakf board/Madarsa Board),943,1049,18092,20070,15049,16643,16150,17989,15735,17448,15226,16284,15201,16271,14593,15147,14386,14387,0,0,0,0,0,0,0,0
107,All India,Rural,UPS (VI-VIII),Madarsa recognized (by Wakf board/Madarsa Board),0,0,0,0,0,0,0,0,0,0,0,0,5438,5308,5134,4882,4813,4695,0,0,0,0,0,0,0,0
108,All India,Urban,UPS (VI-VIII),Madarsa recognized (by Wakf board/Madarsa Board),0,0,0,0,0,0,0,0,0,0,0,0,2422,2371,2315,2311,2312,2089,0,0,0,0,0,0,0,0
109,All India,Rural,HSS (I-XII),Madarsa unrecognized,40,99,1115,1224,1074,1126,1051,1118,1048,1135,994,1148,1114,1309,1111,1382,1206,1372,1187,1315,1379,1329,909,989,1034,805
110,All India,Urban,HSS (I-XII),Madarsa unrecognized,5,7,428,470,386,487,449,476,402,474,383,460,485,577,520,538,463,502,459,477,501,513,417,309,374,290
111,All India,Rural,HSS (IX-XII),Madarsa unrecognized,0,0,0,0,0,0,0,0,0,0,0,0,0,0,0,0,0,0,280,206,290,190,252,165,299,220
112,All India,Urban,HSS (IX-XII),Madarsa unrecognized,0,0,0,0,0,0,0,0,0,0,0,0,0,0,0,0,0,0,42,68,27,69,36,67,12,11
113,All India,Rural,HSS (VI-XII),Madarsa unrecognized,0,0,0,0,0,0,0,0,0,0,385,0,241,158,256,147,411,108,414,89,75,85,85,312,54,307
114,All India,Rural,PS (I-V),Madarsa unrecognized,1508,1616,13834,14977,11631,12307,11067,12131,10343,11143,9236,9545,0,0,0,0,0,0,0,0,0,0,0,0,0,0
115,All India,Urban,PS (I-V),Madarsa unrecognized,148,203,4133,4248,3572,3740,3834,4139,3753,4142,3892,3963,0,0,0,0,0,0,0,0,0,0,0,0,0,0
116,All India,Rural,SS (I-X),Madarsa unrecognized,188,233,3370,3318,3079,3151,3151,3060,3176,2879,3081,2843,3877,3505,3705,3213,3738,3216,3129,2826,2708,2773,0,0,0,0
117,All India,Urban,SS (I-X),Madarsa unrecognized,28,61,1194,877,993,791,972,766,946,785,956,753,1143,834,1086,764,1092,675,975,774,913,788,0,0,0,0
118,All India,Rural,SS (IX-X),Madarsa unrecognized,0,0,0,0,0,0,0,0,0,0,0,0,0,0,0,0,0,0,112,108,108,127,0,0,0,0
119,All India,Urban,SS (IX-X),Madarsa unrecognized,0,0,0,0,0,0,0,0,0,0,0,0,0,0,0,0,0,0,97,55,134,61,0,0,0,0
120,All India,Rural,SS (VI-X),Madarsa unrecognized,0,0,0,0,0,0,0,0,0,0,138,109,254,232,245,256,268,255,195,186,175,160,0,0,0,0
121,All India,Urban,SS (VI-X),Madarsa unrecognized,0,0,0,0,0,0,0,0,0,0,0,0,17,26,20,25,23,27,31,52,31,39,0,0,0,0
122,All India,Rural,UPS (I-VIII),Madarsa unrecognized,1067,1093,8244,8581,7233,7539,7238,7568,6966,7270,6763,7313,7076,7474,7015,7366,7003,7027,0,0,0,0,0,0,0,0
123,All India,Urban,UPS (I-VIII),Madarsa unrecognized,260,187,2205,2303,2043,2091,2230,2291,2367,2343,2413,2453,2602,2700,2580,2785,2255,2357,0,0,0,0,0,0,0,0
124,All India,Rural,UPS (VI-VIII),Madarsa unrecognized,0,0,0,0,0,0,0,0,0,0,906,1111,1466,1664,1504,1734,1516,1668,0,0,0,0,0,0,0,0
125,All India,Urban,UPS (VI-VIII),Madarsa unrecognized,0,0,0,0,0,0,0,0,0,0,85,87,188,210,205,213,189,253,0,0,0,0,0,0,0,0
126,All India,Rural,PS (I-V),Ministry of Labor,0,0,285,281,223,218,289,273,291,252,388,341,0,0,0,0,0,0,0,0,0,0,0,0,0,0
127,All India,Urban,PS (I-V),Ministry of Labor,0,0,97,127,79,73,126,124,147,148,167,171,0,0,0,0,0,0,0,0,0,0,0,0,0,0
128,All India,Rural,UPS (I-VIII),Ministry of Labor,0,0,4,15,7,5,12,29,0,0,2,45,3,43,1,12,3,9,0,0,0,0,0,0,0,0
129,All India,Urban,UPS (I-VIII),Ministry of Labor,0,0,37,0,44,1,39,4,57,10,43,38,54,37,52,29,75,28,0,0,0,0,0,0,0,0
130,All India,Rural,UPS (VI-VIII),Ministry of Labor,0,0,0,0,0,0,0,0,0,0,0,0,0,45,0,30,0,25,0,0,0,0,0,0,0,0
131,All India,Urban,UPS (VI-VIII),Ministry of Labor,0,0,0,0,0,0,0,0,0,0,0,0,34,0,28,0,34,0,0,0,0,0,0,0,0,0
132,All India,Rural,HSS (I-XII),Other Central Govt. Schools,241,249,682,816,655,854,736,856,748,888,725,864,798,929,748,872,728,872,741,936,681,841,717,823,603,594
133,All India,Urban,HSS (I-XII),Other Central Govt. Schools,492,606,805,1052,817,1270,933,1361,983,1395,978,1415,1119,1544,1119,1557,1038,1627,1138,1725,1087,1899,1077,1087,987,1223
134,All India,Rural,HSS (IX-XII),Other Central Govt. Schools,0,0,0,0,0,0,0,0,0,0,0,0,0,0,0,0,0,0,115,115,105,104,91,59,52,30
135,All India,Rural,HSS (VI-XII),Other Central Govt. Schools,0,0,0,0,0,0,0,0,0,0,0,0,103,215,83,193,94,167,62,212,98,190,193,334,68,97
136,All India,Urban,HSS (VI-XII),Other Central Govt. Schools,0,0,0,0,0,0,0,0,0,0,52,104,69,360,98,340,75,347,98,453,107,529,116,653,113,630
137,All India,Rural,HSS (XI-XII),Other Central Govt. Schools,0,0,0,0,0,0,0,0,0,0,0,0,0,0,0,0,0,0,0,0,0,0,34,28,27,24
138,All India,Rural,PS (I-V),Other Central Govt. Schools,10,13,39,88,58,95,71,95,56,72,60,105,0,0,0,0,0,0,0,0,0,0,0,0,0,0
139,All India,Urban,PS (I-V),Other Central Govt. Schools,37,38,134,168,136,170,170,174,166,195,71,104,0,0,0,0,0,0,0,0,0,0,0,0,0,0
140,All India,Rural,SS (I-X),Other Central Govt. Schools,69,94,332,360,314,381,326,350,324,376,386,364,336,375,343,360,344,352,316,369,293,337,0,0,0,0
141,All India,Urban,SS (I-X),Other Central Govt. Schools,190,203,597,661,606,732,656,760,718,881,694,847,694,857,699,815,643,770,638,789,558,696,0,0,0,0
142,All India,Urban,SS (IX-X),Other Central Govt. Schools,0,0,0,0,0,0,0,0,0,0,0,0,0,0,0,0,57,35,58,37,55,36,0,0,0,0
143,All India,Rural,SS (VI-X),Other Central Govt. Schools,0,0,0,0,0,0,0,0,0,0,1,0,36,56,25,42,27,57,26,37,17,17,0,0,0,0
144,All India,Rural,UPS (I-VIII),Other Central Govt. Schools,0,0,94,109,73,88,81,116,93,98,68,109,63,106,72,106,79,118,0,0,0,0,0,0,0,0
145,All India,Urban,UPS (I-VIII),Other Central Govt. Schools,0,0,94,137,96,119,107,102,117,90,111,95,93,76,81,90,20,26,0,0,0,0,0,0,0,0
146,All India,Rural,UPS (VI-VIII),Other Central Govt. Schools,0,0,0,0,0,0,0,0,0,0,0,0,26,25,30,30,34,34,0,0,0,0,0,0,0,0
147,All India,Rural,HSS (I-XII),Other Govt. managed schools,2611,2629,2921,2914,3580,3614,3342,3348,3453,3411,5564,5651,6128,6049,6105,5894,6394,5796,8286,7996,7560,6603,6443,5304,4342,3827
148,All India,Urban,HSS (I-XII),Other Govt. managed schools,756,670,446,510,535,475,584,532,624,632,719,827,947,925,912,973,909,960,978,1372,975,1090,904,931,672,672
149,All India,Rural,HSS (IX-XII),Other Govt. managed schools,0,0,0,0,0,0,0,0,0,0,0,0,0,0,0,0,0,0,0,3,1,9,1,14,3,6
150,All India,Urban,HSS (IX-XII),Other Govt. managed schools,0,0,0,0,0,0,0,0,0,0,0,0,0,0,0,0,0,0,90,141,107,182,659,298,701,323
151,All India,Rural,HSS (VI-XII),Other Govt. managed schools,0,0,0,0,0,0,0,0,0,0,18816,18343,22879,22410,22019,20571,23464,19989,29446,21969,26361,15864,32399,14184,23247,10783
152,All India,Urban,HSS (VI-XII),Other Govt. managed schools,0,0,0,0,0,0,0,0,0,0,1298,1513,1610,2036,1690,1902,1821,1959,2042,2109,2047,1733,2576,1819,1762,1396
153,All India,Rural,HSS (XI-XII),Other Govt. managed schools,0,0,0,0,0,0,0,0,0,0,0,0,0,0,0,0,0,0,0,0,0,0,10659,14450,8536,11621
154,All India,Urban,HSS (XI-XII),Other Govt. managed schools,0,0,0,0,0,0,0,0,0,0,0,0,0,0,0,0,0,0,0,0,0,0,21930,19099,19098,16246
155,All India,Rural,PS (I-V),Other Govt. managed schools,131,199,437,583,461,536,460,528,476,526,101,160,0,0,0,0,0,0,0,0,0,0,0,0,0,0
156,All India,Urban,PS (I-V),Other Govt. managed schools,218,280,354,521,300,433,329,473,314,419,197,290,0,0,0,0,0,0,0,0,0,0,0,0,0,0
157,All India,Rural,SS (I-X),Other Govt. managed schools,993,1159,851,993,1021,1111,948,1032,1013,1019,1288,1393,1357,1632,1383,1446,1413,1502,1758,2217,1446,1647,0,0,0,0
158,All India,Urban,SS (I-X),Other Govt. managed schools,107,149,106,256,108,294,112,262,95,271,118,272,94,282,84,288,95,301,86,286,75,236,0,0,0,0
159,All India,Rural,SS (IX-X),Other Govt. managed schools,0,0,0,0,0,0,0,0,0,0,0,0,0,0,0,0,19,24,74,105,72,128,0,0,0,0
160,All India,Urban,SS (IX-X),Other Govt. managed schools,0,0,0,0,0,0,0,0,0,0,0,0,0,0,0,0,67,135,88,159,112,168,0,0,0,0
161,All India,Rural,SS (VI-X),Other Govt. managed schools,0,0,0,0,0,0,0,0,0,0,4871,4406,6896,6103,7340,5992,7286,5928,8832,6448,6713,4338,0,0,0,0
162,All India,Urban,SS (VI-X),Other Govt. managed schools,0,0,0,0,0,0,0,0,0,0,367,196,1552,1243,1591,1301,1630,1316,1555,1333,1147,785,0,0,0,0
163,All India,Rural,UPS (I-VIII),Other Govt. managed schools,267,317,375,533,363,512,403,495,479,494,518,492,668,414,649,380,591,307,0,0,0,0,0,0,0,0
164,All India,Urban,UPS (I-VIII),Other Govt. managed schools,154,216,296,465,239,347,302,425,290,418,254,412,354,437,341,391,359,351,0,0,0,0,0,0,0,0
165,All India,Rural,UPS (VI-VIII),Other Govt. managed schools,0,0,0,0,0,0,0,0,0,0,1810,678,3126,1033,3268,1111,3941,1050,0,0,0,0,0,0,0,0
166,All India,Urban,UPS (VI-VIII),Other Govt. managed schools,0,0,0,0,0,0,0,0,0,0,34,44,383,375,415,417,434,454,0,0,0,0,0,0,0,0
167,All India,Rural,HSS (I-XII),Private Unaided (Recognized),293811,365481,332476,433029,333929,440613,338994,454957,337748,461487,337723,469400,339626,479563,339906,483435,346619,496186,411819,599595,409942,613314,406633,586065,387320,541020
168,All India,Urban,HSS (I-XII),Private Unaided (Recognized),527511,601490,486631,578093,489684,586906,512981,621346,521856,642636,534939,666730,539694,683573,545863,693088,554548,714919,600046,790286,600782,801452,585173,780364,559817,725446
169,All India,Rural,HSS (IX-XII),Private Unaided (Recognized),0,0,0,0,0,0,0,0,0,0,0,0,0,0,0,0,667,986,269503,289911,252272,286247,274146,310599,254672,269915
170,All India,Urban,HSS (IX-XII),Private Unaided (Recognized),0,0,0,0,0,0,0,0,0,0,0,0,0,0,0,0,1295,1344,74582,87934,70654,88948,84545,105778,77489,94488
171,All India,Rural,HSS (VI-XII),Private Unaided (Recognized),0,0,0,0,0,0,0,0,0,0,1064,1234,87822,107014,90121,109437,106899,129461,239863,288586,220513,278640,240833,299786,223640,262038
172,All India,Urban,HSS (VI-XII),Private Unaided (Recognized),0,0,0,0,0,0,0,0,0,0,1960,1944,26972,33390,28316,36167,44689,56984,70997,90757,68147,90584,78961,102953,75078,95422
173,All India,Rural,HSS (XI-XII),Private Unaided (Recognized),0,0,0,0,0,0,0,0,0,0,0,0,0,0,0,0,0,0,0,0,0,0,311084,356586,304725,351290
174,All India,Urban,HSS (XI-XII),Private Unaided (Recognized),0,0,0,0,0,0,0,0,0,0,0,0,0,0,0,0,0,0,0,0,0,0,459898,506860,449483,491314
175,All India,Rural,PS (I-V),Private Unaided (Recognized),279697,331672,616507,757123,565154,692776,557750,685389,529449,655005,470107,583133,0,0,0,0,0,0,0,0,0,0,0,0,0,0
176,All India,Urban,PS (I-V),Private Unaided (Recognized),199153,221422,333717,389119,317975,371835,318439,374303,304471,360293,222694,268355,0,0,0,0,0,0,0,0,0,0,0,0,0,0
177,All India,Rural,SS (I-X),Private Unaided (Recognized),259215,310639,298232,373474,298186,373584,302189,385516,298004,385691,289917,380140,278019,368373,268286,356654,261938,349172,271806,364297,257527,354093,0,0,0,0
178,All India,Urban,SS (I-X),Private Unaided (Recognized),306071,357744,370915,436288,376172,444636,398232,475474,403467,490500,420257,513736,404013,500188,399220,495865,398499,491545,391988,487450,385199,482085,0,0,0,0
179,All India,Rural,SS (IX-X),Private Unaided (Recognized),0,0,0,0,0,0,0,0,0,0,0,0,0,0,0,0,7690,10666,171171,193374,170767,201384,0,0,0,0
180,All India,Urban,SS (IX-X),Private Unaided (Recognized),0,0,0,0,0,0,0,0,0,0,0,0,0,0,0,0,17235,20330,62381,73053,61557,72713,0,0,0,0
181,All India,Rural,SS (VI-X),Private Unaided (Recognized),0,0,0,0,0,0,0,0,0,0,1162,1737,87126,111717,90059,112686,114020,140837,181857,223206,169864,218365,0,0,0,0
182,All India,Urban,SS (VI-X),Private Unaided (Recognized),0,0,0,0,0,0,0,0,0,0,836,769,48691,63280,51418,63935,93138,116429,101654,125336,102603,128177,0,0,0,0
183,All India,Rural,UPS (I-VIII),Private Unaided (Recognized),413132,529027,610748,801411,572153,749352,570689,758756,539526,727779,503599,686228,449737,618519,412190,563370,356970,480767,0,0,0,0,0,0,0,0
184,All India,Urban,UPS (I-VIII),Private Unaided (Recognized),376479,448447,535052,652706,506128,616540,525097,643208,511047,632217,486164,606389,449538,564615,424180,531998,319157,402604,0,0,0,0,0,0,0,0
185,All India,Rural,UPS (VI-VIII),Private Unaided (Recognized),0,0,0,0,0,0,0,0,0,0,7862,9420,200402,225342,203299,225093,219149,240545,0,0,0,0,0,0,0,0
186,All India,Urban,UPS (VI-VIII),Private Unaided (Recognized),0,0,0,0,0,0,0,0,0,0,1610,1645,50414,57114,50028,56815,52422,59348,0,0,0,0,0,0,0,0
187,All India,Rural,HSS (I-XII),Railway School,0,0,85,90,119,136,123,140,158,184,168,196,224,208,265,225,240,196,275,204,235,204,269,196,220,185
188,All India,Urban,HSS (I-XII),Railway School,203,257,740,865,654,775,803,920,794,929,864,1016,905,1131,1014,1205,1035,1279,1118,1252,999,1154,1027,976,940,947
189,All India,Urban,HSS (IX-XII),Railway School,0,0,0,0,0,0,0,0,0,0,0,0,0,0,0,0,0,0,49,54,46,70,54,59,46,48
190,All India,Rural,HSS (VI-XII),Railway School,0,0,0,0,0,0,0,0,0,0,0,0,162,267,172,225,170,283,177,264,188,265,212,150,167,131
191,All India,Urban,HSS (VI-XII),Railway School,0,0,0,0,0,0,0,0,0,0,40,39,35,53,56,83,66,134,102,152,74,162,98,150,103,166
192,All India,Urban,HSS (XI-XII),Railway School,0,0,0,0,0,0,0,0,0,0,0,0,0,0,0,0,0,0,0,0,0,0,0,0,0,0
193,All India,Rural,PS (I-V),Railway School,0,0,92,92,113,86,126,124,119,136,74,79,0,0,0,0,0,0,0,0,0,0,0,0,0,0
194,All India,Urban,PS (I-V),Railway School,17,26,68,98,87,97,106,96,93,97,84,77,0,0,0,0,0,0,0,0,0,0,0,0,0,0
195,All India,Rural,SS (I-X),Railway School,0,0,74,61,57,59,85,44,91,48,65,64,86,63,95,57,108,70,83,81,75,52,0,0,0,0
196,All India,Urban,SS (I-X),Railway School,33,40,174,175,144,150,188,222,185,270,199,289,198,356,169,349,200,314,163,339,162,300,0,0,0,0
197,All India,Rural,SS (IX-X),Railway School,0,0,0,0,0,0,0,0,0,0,0,0,0,0,0,0,0,0,20,24,16,19,0,0,0,0
198,All India,Urban,SS (VI-X),Railway School,0,0,0,0,0,0,0,0,0,0,0,0,90,119,87,105,87,110,71,98,54,71,0,0,0,0
199,All India,Rural,UPS (I-VIII),Railway School,0,0,0,0,0,0,18,23,13,25,12,21,14,15,15,23,21,14,0,0,0,0,0,0,0,0
200,All India,Urban,UPS (I-VIII),Railway School,0,0,0,0,0,0,0,0,0,0,0,0,5,1,9,0,0,0,0,0,0,0,0,0,0,0
201,All India,Urban,UPS (VI-VIII),Railway School,0,0,0,0,0,0,0,0,0,0,0,0,0,0,0,0,0,0,0,0,0,0,0,0,0,0
202,All India,Rural,HSS (I-XII),Sainik School,98,108,66,83,111,147,113,129,105,146,134,194,151,318,134,391,149,313,149,379,149,332,71,215,97,144
203,All India,Urban,HSS (I-XII),Sainik School,35,60,624,806,641,858,717,926,812,972,783,1076,768,1052,665,983,690,903,682,901,614,740,486,533,390,514
204,All India,Rural,HSS (VI-XII),Sainik School,0,0,0,0,0,0,0,0,0,0,0,0,166,1213,39,1168,19,1361,14,1323,7,1284,9,1009,27,950
205,All India,Urban,HSS (VI-XII),Sainik School,0,0,0,0,0,0,0,0,0,0,0,0,172,919,127,1088,159,1112,160,1096,154,1133,179,953,159,801
206,All India,Urban,PS (I-V),Sainik School,109,125,106,107,98,100,128,107,124,110,102,105,0,0,0,0,0,0,0,0,0,0,0,0,0,0
207,All India,Rural,SS (I-X),Sainik School,0,0,31,31,29,43,28,43,32,47,44,39,33,36,26,41,42,47,25,37,24,30,0,0,0,0
208,All India,Urban,SS (I-X),Sainik School,0,0,11,17,17,22,16,22,19,29,14,16,14,29,22,11,13,23,13,15,8,16,0,0,0,0
209,All India,Rural,SS (VI-X),Sainik School,0,0,0,0,0,0,0,0,0,0,0,0,11,132,0,126,0,130,0,168,0,103,0,0,0,0
210,All India,Urban,UPS (I-VIII),Sainik School,48,42,20,33,20,28,30,18,21,24,27,14,13,32,17,16,14,11,0,0,0,0,0,0,0,0
211,All India,Rural,UPS (VI-VIII),Sainik School,0,0,0,0,0,0,0,0,0,0,0,0,20,66,29,172,23,174,0,0,0,0,0,0,0,0
212,All India,Rural,HSS (I-XII),Social welfare Department,0,3,57,197,57,212,75,234,77,252,9882,4928,10476,5892,11004,6112,11121,6215,11129,6088,11013,5991,10560,4695,10255,4563
213,All India,Urban,HSS (I-XII),Social welfare Department,43,56,260,107,194,97,197,131,209,142,3951,2120,4151,2456,4271,2579,4369,2657,4400,2732,4344,2658,3950,2195,3768,2078
214,All India,Rural,HSS (IX-XII),Social welfare Department,0,0,0,0,0,0,0,0,0,0,0,0,0,0,0,0,0,0,153,333,159,336,75,211,29,149
215,All India,Urban,HSS (IX-XII),Social welfare Department,0,0,0,0,0,0,0,0,0,0,0,0,0,0,0,0,0,0,352,674,275,631,254,392,248,219
216,All India,Rural,HSS (VI-XII),Social welfare Department,0,0,0,0,0,0,0,0,0,0,0,0,2353,2928,2415,3000,2397,2953,2502,3124,2448,2908,2229,2547,2055,2109
217,All India,Urban,HSS (VI-XII),Social welfare Department,0,0,0,0,0,0,0,0,0,0,0,0,327,112,317,122,311,147,453,248,465,260,585,523,550,388
218,All India,Rural,HSS (XI-XII),Social welfare Department,0,0,0,0,0,0,0,0,0,0,0,0,0,0,0,0,0,0,0,0,0,0,2140,1400,2044,1399
219,All India,Urban,HSS (XI-XII),Social welfare Department,0,0,0,0,0,0,0,0,0,0,0,0,0,0,0,0,0,0,0,0,0,0,743,228,679,199
220,All India,Rural,PS (I-V),Social welfare Department,232,276,1509,1609,1651,1547,1913,1700,1991,1807,1804,1670,0,0,0,0,0,0,0,0,0,0,0,0,0,0
221,All India,Urban,PS (I-V),Social welfare Department,42,70,560,751,577,623,688,749,707,764,664,662,0,0,0,0,0,0,0,0,0,0,0,0,0,0
222,All India,Rural,SS (I-X),Social welfare Department,1,2,284,805,279,698,263,737,288,755,3987,3655,4311,3931,4646,4398,4684,4404,4484,4245,4332,4076,0,0,0,0
223,All India,Urban,SS (I-X),Social welfare Department,17,20,204,153,209,140,231,177,289,192,1816,1015,2233,1184,2236,1248,2276,1319,2268,1306,2305,1335,0,0,0,0
224,All India,Rural,SS (IX-X),Social welfare Department,0,0,0,0,0,0,0,0,0,0,0,0,0,0,0,0,0,0,0,178,34,161,0,0,0,0
225,All India,Urban,SS (IX-X),Social welfare Department,0,0,0,0,0,0,0,0,0,0,0,0,0,0,0,0,0,0,0,57,0,42,0,0,0,0
226,All India,Rural,SS (VI-X),Social welfare Department,0,0,0,0,0,0,0,0,0,0,0,0,6584,6142,6937,6186,7580,6563,7262,6606,6901,6285,0,0,0,0
227,All India,Urban,SS (VI-X),Social welfare Department,0,0,0,0,0,0,0,0,0,0,0,0,1949,1541,2126,1736,2223,1962,2160,1904,1817,1445,0,0,0,0
228,All India,Rural,UPS (I-VIII),Social welfare Department,6,9,268,393,252,356,398,583,423,705,492,797,601,1083,669,1209,518,1065,0,0,0,0,0,0,0,0
229,All India,Urban,UPS (I-VIII),Social welfare Department,26,84,176,265,156,243,203,308,212,331,168,350,245,433,243,472,266,447,0,0,0,0,0,0,0,0
230,All India,Rural,UPS (VI-VIII),Social welfare Department,0,0,0,0,0,0,0,0,0,0,0,0,555,273,513,270,514,243,0,0,0,0,0,0,0,0
231,All India,Urban,UPS (VI-VIII),Social welfare Department,0,0,0,0,0,0,0,0,0,0,0,0,228,252,243,272,215,258,0,0,0,0,0,0,0,0
232,All India,Rural,HSS (I-XII),Tribal Welfare Department,152,206,3714,3466,3227,3158,4274,3980,4520,4252,7236,6350,12503,12618,12846,13152,14430,14566,20990,22434,20419,21364,25409,25372,20633,18715
233,All India,Urban,HSS (I-XII),Tribal Welfare Department,58,50,782,549,520,289,795,527,754,498,1546,873,2726,1257,2781,1261,3476,1385,6044,2669,5894,2426,8459,3305,6596,2275
234,All India,Rural,HSS (IX-XII),Tribal Welfare Department,0,0,0,0,0,0,0,0,0,0,0,0,0,0,0,0,0,0,17268,19404,16969,18687,21361,22237,15315,14669
235,All India,Urban,HSS (IX-XII),Tribal Welfare Department,0,0,0,0,0,0,0,0,0,0,0,0,0,0,0,0,0,0,3724,3260,3625,3022,4979,5058,3838,3867
236,All India,Rural,HSS (VI-XII),Tribal Welfare Department,0,0,0,0,0,0,0,0,0,0,232,188,14734,13472,14603,13082,14986,13910,20463,20307,20562,19468,21817,21243,17373,15253
237,All India,Urban,HSS (VI-XII),Tribal Welfare Department,0,0,0,0,0,0,0,0,0,0,24,15,3414,2961,3629,3057,3367,3319,5589,5440,5623,5507,7150,8227,5306,5558
238,All India,Rural,HSS (XI-XII),Tribal Welfare Department,0,0,0,0,0,0,0,0,0,0,0,0,0,0,0,0,0,0,0,0,0,0,5703,4992,5378,5034
239,All India,Urban,HSS (XI-XII),Tribal Welfare Department,0,0,0,0,0,0,0,0,0,0,0,0,0,0,0,0,0,0,0,0,0,0,1161,572,1103,528
240,All India,Rural,PS (I-V),Tribal Welfare Department,2480,2468,119797,121914,107315,107018,114896,112765,104080,102447,101464,98842,0,0,0,0,0,0,0,0,0,0,0,0,0,0
241,All India,Urban,PS (I-V),Tribal Welfare Department,38,136,3592,3804,3038,3135,3710,4101,3853,4006,4082,4175,0,0,0,0,0,0,0,0,0,0,0,0,0,0
242,All India,Rural,SS (I-X),Tribal Welfare Department,367,352,8035,8099,8090,7756,12495,12036,13885,13376,20827,20190,34496,34261,33577,33664,35178,34534,39166,38291,36196,34164,0,0,0,0
243,All India,Urban,SS (I-X),Tribal Welfare Department,3,2,434,486,341,331,815,664,924,733,1709,1405,2471,2233,2492,2278,2846,2477,3022,2574,2717,2456,0,0,0,0
244,All India,Rural,SS (IX-X),Tribal Welfare Department,0,0,0,0,0,0,0,0,0,0,0,0,0,0,0,0,0,0,12980,13232,11900,11532,0,0,0,0
245,All India,Urban,SS (IX-X),Tribal Welfare Department,0,0,0,0,0,0,0,0,0,0,0,0,0,0,0,0,0,0,380,419,375,481,0,0,0,0
246,All India,Rural,SS (VI-X),Tribal Welfare Department,0,0,0,0,0,0,0,0,0,0,0,52,25062,20526,24943,19887,28547,22139,30913,24623,30075,22543,0,0,0,0
247,All India,Urban,SS (VI-X),Tribal Welfare Department,0,0,0,0,0,0,0,0,0,0,0,0,3974,3337,4278,3533,4441,3695,4196,3614,3582,3069,0,0,0,0
248,All India,Rural,UPS (I-VIII),Tribal Welfare Department,2087,2146,36484,36591,34342,33156,42633,41526,43807,42825,47430,46770,76903,77067,69533,70163,65715,67247,0,0,0,0,0,0,0,0
249,All India,Urban,UPS (I-VIII),Tribal Welfare Department,68,64,1702,1650,1205,1139,1866,1698,1921,1756,2203,1967,3036,3091,2801,2721,2812,3011,0,0,0,0,0,0,0,0
250,All India,Rural,UPS (VI-VIII),Tribal Welfare Department,0,0,0,0,0,0,0,0,0,0,0,0,25563,25939,23533,23552,22342,22992,0,0,0,0,0,0,0,0
251,All India,Urban,UPS (VI-VIII),Tribal Welfare Department,0,0,0,0,0,0,0,0,0,0,0,0,2263,1844,2137,1775,2035,1846,0,0,0,0,0,0,0,0
252,All India,Rural,HSS (I-XII),Unrecognized,1063,1303,1564,1722,1311,1568,1244,1519,1333,1545,1234,1535,1238,1468,1017,1433,1215,1437,921,1166,884,1158,577,550,696,658
253,All India,Urban,HSS (I-XII),Unrecognized,489,580,919,1098,809,1016,820,1060,783,978,839,1120,778,1058,718,981,754,1044,485,671,506,633,485,617,274,480
254,All India,Rural,HSS (IX-XII),Unrecognized,0,0,0,0,0,0,0,0,0,0,0,0,0,0,0,0,28,0,336,418,388,479,332,454,298,410
255,All India,Urban,HSS (IX-XII),Unrecognized,0,0,0,0,0,0,0,0,0,0,0,0,0,0,0,0,0,0,224,444,231,424,92,202,92,202
256,All India,Rural,HSS (VI-XII),Unrecognized,0,0,0,0,0,0,0,0,0,0,0,0,76,99,85,90,81,88,69,89,71,82,43,72,40,65
257,All India,Urban,HSS (VI-XII),Unrecognized,0,0,0,0,0,0,0,0,0,0,14,18,38,253,37,56,42,74,8,75,97,135,6,35,7,26
258,All India,Rural,HSS (XI-XII),Unrecognized,0,0,0,0,0,0,0,0,0,0,0,0,0,0,0,0,0,0,0,0,0,0,8087,6836,5756,5418
259,All India,Urban,HSS (XI-XII),Unrecognized,0,0,0,0,0,0,0,0,0,0,0,0,0,0,0,0,0,0,0,0,0,0,1662,1497,1247,1221
260,All India,Rural,PS (I-V),Unrecognized,60502,76195,62141,74905,51454,61467,46366,54882,41423,48859,31824,37296,0,0,0,0,0,0,0,0,0,0,0,0,0,0
261,All India,Urban,PS (I-V),Unrecognized,25161,29898,19615,23461,16759,19424,15303,17738,13772,16054,7669,8981,0,0,0,0,0,0,0,0,0,0,0,0,0,0
262,All India,Rural,SS (I-X),Unrecognized,6609,8218,6691,8635,6079,7678,6114,7903,5982,7927,5912,7653,6183,7787,6281,7879,6826,8305,5898,7393,5745,6867,0,0,0,0
263,All India,Urban,SS (I-X),Unrecognized,2166,2648,2717,3231,2505,3152,2632,3302,2644,3318,2753,3504,2903,3499,2826,3565,3026,3671,2775,3323,2475,3118,0,0,0,0
264,All India,Rural,SS (IX-X),Unrecognized,0,0,0,0,0,0,0,0,0,0,0,0,0,0,0,0,6,0,12262,11231,11793,10748,0,0,0,0
265,All India,Urban,SS (IX-X),Unrecognized,0,0,0,0,0,0,0,0,0,0,0,0,0,0,0,0,0,0,1259,1183,1415,1406,0,0,0,0
266,All India,Rural,SS (VI-X),Unrecognized,0,0,0,0,0,0,0,0,0,0,34,34,1026,1104,1398,1592,1941,2148,3148,3296,3121,3156,0,0,0,0
267,All India,Urban,SS (VI-X),Unrecognized,0,0,0,0,0,0,0,0,0,0,35,0,295,676,381,326,582,532,719,550,798,556,0,0,0,0
268,All India,Rural,UPS (I-VIII),Unrecognized,93732,129424,103386,140708,85248,117214,81045,110408,74855,102672,69570,94159,61947,82874,55285,72755,47764,62556,0,0,0,0,0,0,0,0
269,All India,Urban,UPS (I-VIII),Unrecognized,37344,46910,40206,51281,35863,45485,36355,46332,35230,44529,33615,43007,31177,39123,28999,35619,25216,30264,0,0,0,0,0,0,0,0
270,All India,Rural,UPS (VI-VIII),Unrecognized,0,0,0,0,0,0,0,0,0,0,183,270,4157,3975,4146,4021,3950,3687,0,0,0,0,0,0,0,0
271,All India,Urban,UPS (VI-VIII),Unrecognized,0,0,0,0,0,0,0,0,0,0,148,169,447,363,412,373,366,266,0,0,0,0,0,0,0,0
